start_time,median_flux
1329.25060009, 137.72477722
1328.58393275, 144.29876709
1328.56309943, 143.31359863
1329.43810034, 133.55754089
1329.00059976, 136.68118286
1328.60476608, 145.03793335
1328.89643295, 142.07644653
1328.64643273, 144.62577820
1328.91726632, 140.78819275
1328.83393287, 144.73548889
1328.66726606, 144.47619629
1328.54226610, 142.02622986
1329.04226648, 136.57450867
1328.52143277, 140.59339905
1328.68809938, 144.44833374
1329.18810001, 138.89924622
1329.27143345, 136.97219849
1329.35476690, 133.70718384
1329.14643329, 138.77056885
1329.31310018, 134.92468262
1328.75059943, 145.10662842
1329.02143312, 136.38046265
1328.77143279, 145.35583496
1328.81309951, 145.18954468
1328.70893271, 144.53059387
1328.93809968, 139.48956299
1328.87559959, 143.18658447
1329.08393320, 137.57044983
1329.39643362, 133.31967163
1329.37560026, 133.44845581
1329.41726698, 133.38522339
1328.72976606, 144.77673340
1328.85476623, 144.03796387
1328.79226615, 145.35064697
1329.45893370, 133.80867004
1329.33393354, 134.25393677
1329.16726665, 138.88455200
1329.50060043, 135.08270264
1328.62559940, 144.74945068
1329.10476657, 138.11254883
1329.12559993, 138.51834106
1328.97976640, 137.41503906
1329.29226682, 135.89230347
1329.47976707, 134.32910156
1328.95893304, 138.26519775
1329.20893337, 138.63241577
1329.22976673, 138.28614807
1329.06309984, 137.01229858
1337.14642925, 83.61378479
1337.20892923, 83.60772705
1337.08392927, 83.64752960
1337.12559593, 83.59703064
1337.39642917, 83.58704376
1337.31309587, 83.63764954
1336.75059604, 83.66697693
1336.66726274, 83.66094971
1337.22976256, 83.58710480
1336.62559608, 83.65562439
1337.47976248, 83.62905121
1337.02142929, 83.62686920
1337.16726258, 83.56655121
1336.56309610, 83.63501740
1337.37559585, 83.63264465
1337.33392919, 83.62181091
1336.81309602, 83.66780090
1336.95892931, 83.66388702
1337.43809583, 83.61896515
1336.83392935, 83.66349030
1336.77142937, 83.66326141
1337.04226262, 83.64157867
1336.97976264, 83.65431213
1336.85476268, 83.67243958
1337.35476252, 83.63359833
1336.60476276, 83.66442871
1337.29226254, 83.61309052
1337.45892915, 83.59648132
1336.93809599, 83.59060669
1336.64642941, 83.65798950
1336.91726266, 83.63743591
1337.18809591, 83.62313843
1336.70892939, 83.69550323
1336.58392943, 83.69334412
1337.00059597, 83.66374207
1337.41726250, 83.60876465
1336.52142945, 83.64128113
1337.50059581, 83.62063599
1336.87559600, 83.60985565
1337.27142921, 83.60588074
1336.89642933, 83.63066101
1337.25059589, 83.60850525
1336.79226270, 83.63960266
1336.54226278, 83.63733673
1337.06309595, 83.63730621
1337.10476260, 83.59903717
1336.72976272, 83.62142944
1336.68809606, 83.65969849
1340.50059471, 107.81011963
1340.20892818, 96.70519257
1339.77142839, 83.78028870
1340.33392812, 101.01597595
1340.18809486, 96.26689148
1340.39642809, 103.02794647
1340.06309492, 92.94372559
1340.47976139, 106.74206543
1339.66726177, 83.71320343
1339.72976174, 83.75732422
1340.41726142, 103.86659241
1339.68809510, 83.72769165
1339.95892830, 86.62521362
1340.29226148, 99.57701111
1339.79226171, 83.79197693
1340.27142815, 98.75727844
1340.10476157, 94.21001434
1339.85476168, 84.13727570
1339.87559501, 84.44943237
1339.83392836, 83.96516418
1339.93809498, 85.71534729
1339.70892842, 83.74258423
1340.31309480, 100.30493164
1340.16726154, 95.62245178
1339.81309504, 83.82541656
1340.43809474, 104.76199341
1340.12559489, 94.59774780
1340.35476145, 101.65408325
1339.97976162, 87.95558929
1340.37559477, 102.32822418
1340.22976151, 97.33686829
1340.02142827, 90.71673584
1340.25059483, 98.00340271
1340.04226159, 91.97203064
1340.45892806, 105.72199249
1339.75059507, 83.75099945
1340.14642821, 95.01730347
1339.89642833, 84.81139374
1339.91726165, 85.19011688
1340.08392824, 93.74166870
1340.00059495, 89.29884338
1326.52143350, 137.97737122
1326.56310015, 140.32437134
1326.62560013, 142.77404785
1326.89643336, 141.56362915
1326.93810002, 138.20513916
1327.39643318, 133.58192444
1327.16726660, 139.96725464
1326.97976667, 136.23123169
1327.37559986, 132.96466064
1327.10476662, 139.37741089
1327.12559995, 139.96173096
1326.54226683, 139.47630310
1326.58393348, 141.29756165
1326.83393339, 144.07901001
1327.08393330, 138.70590210
1326.81310006, 143.67935181
1327.14643327, 140.22811890
1326.87560004, 143.01115417
1326.95893334, 136.95419312
1326.91726669, 139.79470825
1326.64643345, 142.96498108
1326.68810011, 142.42852783
1327.27143323, 134.00585938
1327.41726651, 135.27842712
1326.66726678, 142.79501343
1327.43809983, 137.23339844
1326.77143341, 142.29119873
1327.18809992, 139.31979370
1326.79226673, 142.92999268
1327.33393321, 132.65626526
1327.29226655, 132.99121094
1326.75060008, 142.01222229
1326.70893343, 142.12500000
1327.22976658, 138.03405762
1326.60476680, 142.21926880
1327.04226664, 137.07086182
1327.06309997, 137.92160034
1327.47976649, 139.52136230
1326.72976676, 142.00082397
1327.25059990, 136.19978333
1327.20893325, 138.84805298
1327.02143332, 136.42034912
1327.31309988, 132.75421143
1327.00059999, 136.05036926
1327.50059981, 140.93966675
1327.35476653, 132.76043701
1327.45893316, 138.39312744
1326.85476671, 143.90478516
1327.68809974, 147.45167542
1328.47976612, 137.68191528
1327.95893298, 139.64675903
1328.31309952, 135.46423340
1328.14643291, 139.88153076
1327.70893307, 147.61012268
1328.35476617, 135.10554504
1327.52143314, 142.65834045
1327.83393302, 148.10443115
1327.62559977, 147.79553223
1327.58393311, 147.55389404
1328.43809947, 136.11926270
1328.04226628, 138.20983887
1328.50059945, 138.94052124
1328.06309961, 138.87213135
1328.00059963, 137.96090698
1327.89643300, 144.05847168
1328.12559958, 139.90579224
1328.45893280, 136.73553467
1328.20893289, 138.64566040
1328.27143287, 136.75868225
1328.18809956, 139.13867188
1328.33393284, 135.21820068
1328.25059954, 137.56159973
1327.81309970, 147.47857666
1327.79226637, 147.78276062
1327.75059972, 147.88255310
1328.41726615, 135.65975952
1328.29226619, 136.01966858
1327.93809965, 141.00477600
1327.56309979, 146.30979919
1328.39643282, 135.30065918
1328.10476626, 139.79977417
1328.08393293, 139.45120239
1328.02143296, 137.80644226
1327.87559968, 145.31356812
1327.60476644, 147.76641846
1327.97976630, 138.64416504
1328.16726624, 139.69683838
1328.22976621, 138.17619324
1327.72976640, 147.77001953
1327.77143305, 147.89013672
1327.91726633, 142.60289001
1327.85476635, 146.22425842
1327.64643309, 147.65240479
1327.54226646, 144.53881836
1327.66726642, 147.50480652
1328.37559949, 135.18852234
1344.58392628, 122.69870758
1345.31309268, 112.87155151
1345.35475933, 111.79838562
1344.54225963, 121.09202576
1345.41725930, 112.14938354
1344.64642626, 122.89648438
1345.06309277, 116.09991455
1344.77142621, 121.31483459
1344.56309296, 122.04312134
1345.04225944, 115.73995209
1344.87559284, 120.53892517
1345.16725940, 118.09661865
1345.29225935, 113.75999451
1344.81309286, 121.34644318
1345.39642598, 111.84468079
1345.47975928, 114.04206085
1344.62559293, 123.10984802
1345.12559274, 117.54497528
1344.89642616, 119.87803650
1344.66725959, 124.14159393
1344.52142631, 119.91325378
1344.75059289, 121.28187561
1345.10475942, 117.09165955
1344.72975956, 121.38816833
1344.60475961, 123.13957214
1345.02142612, 115.64800262
1344.79225954, 121.34015656
1345.50059261, 114.97074127
1344.70892624, 121.62461090
1344.85475951, 120.94105530
1345.00059279, 115.94563293
1345.20892605, 117.44868469
1345.27142602, 114.69927979
1344.83392619, 121.18626404
1345.18809272, 117.94866180
1344.97975947, 116.51818848
1345.08392609, 116.57620239
1345.22975937, 116.67884064
1345.14642607, 117.88521576
1344.95892614, 117.25541687
1345.43809263, 112.63771057
1344.68809291, 122.03395081
1345.33392600, 112.20357513
1344.93809282, 118.12289429
1344.91725949, 119.07929230
1345.45892596, 113.22814941
1345.25059270, 115.66701508
1345.37559265, 111.63015747
1350.45892403, 86.90821838
1349.68809101, 96.74732208
1349.72975766, 96.38996887
1350.35475741, 87.88795471
1349.75059098, 96.21778107
1349.89642426, 95.88182068
1350.29225744, 88.66171265
1350.00059088, 94.33599091
1349.81309096, 96.24594116
1350.04225753, 93.59503937
1349.93809091, 95.33226013
1349.85475761, 96.17622375
1350.41725738, 87.24809265
1349.52142441, 96.64266968
1350.02142421, 93.97640228
1349.87559093, 96.06384277
1349.56309106, 96.88469696
1349.62559103, 97.06093597
1350.33392409, 88.12396240
1350.39642406, 87.47410583
1350.22975746, 89.90528870
1349.97975756, 94.72058868
1350.50059068, 86.54827118
1350.16725748, 91.32894897
1349.58392438, 96.93109131
1350.31309076, 88.34645081
1350.06309086, 93.23097229
1349.91725758, 95.62504578
1349.83392428, 96.21681976
1350.25059079, 89.43447876
1350.10475751, 92.49777222
1349.64642436, 97.00709534
1349.66725768, 98.25970459
1350.27142411, 88.94627380
1350.43809071, 87.06408691
1349.60475771, 96.97973633
1349.54225773, 96.71734619
1349.95892423, 95.06311798
1350.08392418, 92.87330627
1350.18809081, 90.87960052
1349.70892433, 96.58834076
1349.77142431, 96.23241425
1350.14642416, 91.75325012
1350.37559074, 87.67429352
1350.47975736, 86.73242188
1349.79225763, 96.17011261
1350.12559083, 92.10733795
1350.20892414, 90.40501404
1333.16727199, 106.79341125
1332.81310485, 109.02408600
1332.54227115, 109.65353394
1332.79227149, 109.34684753
1333.10477190, 106.29295349
1332.60477124, 111.13203430
1333.47977137, 101.88031769
1333.50060464, 102.21446228
1332.68810468, 111.11087036
1333.43810482, 101.88957977
1332.64643796, 111.42765808
1333.04227182, 106.17131805
1332.83393821, 110.21183777
1333.27143864, 106.25277710
1333.06310518, 106.12851715
1332.58393788, 110.80464172
1333.08393854, 106.17984009
1333.00060510, 106.44529724
1333.41727155, 102.11123657
1333.31310519, 105.05921936
1333.29227192, 105.69198608
1332.85477157, 108.45199585
1333.02143846, 106.28010559
1332.87560493, 108.15807343
1333.22977207, 106.87002563
1332.91727165, 107.63868713
1332.62560460, 111.35617065
1333.45893810, 101.76483917
1332.93810501, 107.35218811
1333.20893871, 106.97082520
1332.70893804, 110.84655762
1332.77143813, 109.71335602
1332.75060476, 110.01139069
1332.56310451, 110.32130432
1332.72977140, 110.49177551
1333.12560526, 106.42499542
1333.35477173, 103.68984985
1333.33393846, 104.37984467
1333.25060537, 106.61343384
1332.66727132, 111.30323792
1333.14643863, 106.57003784
1332.89643829, 107.89547729
1332.97977174, 106.66690063
1333.37560501, 103.05983734
1333.39643828, 102.47224426
1332.95893838, 107.01340485
1332.52143779, 109.01189423
1333.18810535, 106.96170044
1351.14642372, 86.75457001
1350.52142400, 86.42130280
1351.47975690, 87.35910034
1350.72975724, 86.15898132
1351.18809037, 86.79167175
1351.31309031, 87.02162933
1351.25059034, 86.89849854
1351.04225710, 86.61344147
1350.64642395, 86.11485291
1351.35475696, 87.06134796
1350.81309054, 86.31532288
1351.20892369, 86.86596680
1350.75059057, 86.21273804
1351.02142378, 86.57168579
1350.60475730, 86.17546082
1351.39642360, 87.16390991
1350.97975713, 86.47998047
1350.79225721, 86.28936768
1351.37559028, 87.12731934
1351.50059022, 87.50220490
1351.22975701, 86.87396240
1350.85475718, 86.33650208
1350.62559062, 86.12863159
1350.83392386, 86.35760498
1350.77142389, 86.23948669
1350.95892380, 86.46920776
1351.10475707, 86.68139648
1351.41725693, 87.20486450
1351.33392363, 87.00251007
1350.56309065, 86.20812988
1350.66725727, 86.11534119
1350.58392398, 86.20902252
1350.91725716, 86.43050385
1350.87559051, 86.38238525
1350.54225733, 86.34761810
1351.00059045, 86.55464935
1351.12559039, 86.73007965
1351.45892358, 87.32613373
1350.70892392, 86.15936279
1350.68809059, 86.12473297
1351.16725704, 86.76858521
1351.06309042, 86.67648315
1351.29225698, 86.93717957
1351.27142366, 86.91651154
1351.43809025, 87.29647827
1351.08392375, 86.67021179
1350.93809048, 86.46246338
1350.89642383, 86.41519928
1352.33392318, 91.59579468
1351.62559017, 87.86851501
1351.52142355, 87.54006958
1351.79225676, 88.48668671
1352.45892312, 92.71084595
1352.16725658, 91.91374207
1352.31308985, 91.42436981
1351.66725681, 87.96839905
1351.89642338, 88.88105774
1352.27142320, 91.05905151
1351.93809002, 89.07729340
1352.43808979, 92.51294708
1352.12558994, 90.09266663
1351.75059011, 88.32662201
1351.81309008, 88.49732208
1352.10475661, 89.95874023
1351.83392340, 88.60097504
1352.47975644, 92.94279480
1352.04225664, 89.61096191
1352.22975656, 90.83605957
1352.41725647, 92.30110168
1351.64642349, 87.92695618
1351.70892346, 88.13953400
1352.25058988, 90.94788361
1351.56309019, 87.63851929
1351.77142343, 88.34220123
1351.58392352, 87.72383118
1352.06308997, 89.74781036
1352.00058999, 89.39859009
1352.08392329, 89.81907654
1351.68809014, 88.06784058
1351.85475673, 88.74562073
1352.35475650, 91.71046448
1352.02142332, 89.55458069
1352.14642326, 90.24777985
1351.72975678, 88.19926453
1351.91725670, 88.99176025
1352.18808991, 90.52278137
1352.39642315, 92.07623291
1351.87559005, 88.75848389
1352.20892323, 90.63972473
1351.54225687, 87.57201385
1351.60475684, 87.74389648
1352.37558982, 91.90587616
1352.50058977, 93.14296722
1351.95892335, 89.23539734
1352.29225653, 91.25930786
1351.97975667, 89.30686951
1347.25059196, 107.20320892
1347.02142538, 108.75912476
1347.35475859, 103.86930847
1346.81309212, 111.92603302
1346.64642552, 113.55288696
1346.56309222, 112.43840027
1347.00059205, 109.07740784
1346.54225889, 111.69155884
1347.04225871, 108.49522400
1346.77142547, 111.62702942
1346.60475887, 113.51130676
1347.06309203, 108.35004425
1347.14642533, 108.90687561
1346.85475877, 111.99810791
1346.83392545, 112.00057220
1346.52142556, 110.91685486
1346.75059215, 111.72180939
1347.39642524, 102.89093018
1346.89642543, 111.42115784
1347.27142529, 106.42643738
1346.62559219, 113.67956543
1347.45892522, 103.14064026
1346.97975873, 109.52668762
1347.18809199, 108.85600281
1347.16725866, 110.62136078
1346.95892540, 110.04840088
1346.87559210, 111.77653503
1347.22975864, 107.97486115
1346.70892550, 112.35125732
1346.68809217, 112.90114594
1347.41725857, 102.87431335
1347.43809189, 102.94300842
1347.50059187, 103.79702759
1347.37559192, 103.19747162
1347.31309194, 104.70001984
1347.33392527, 104.02905273
1347.10475868, 108.54788208
1347.20892531, 108.54531860
1346.91725875, 111.02838898
1346.93809208, 110.55456543
1347.47975854, 103.40371704
1346.79225880, 111.77695465
1347.29225861, 105.53533173
1347.08392536, 108.36438751
1346.58392554, 113.09487915
1346.66725884, 113.29162598
1347.12559201, 108.75904083
1346.72975882, 111.92288971
1338.06309563, 83.68637085
1337.52142913, 83.63018799
1338.10476228, 83.69091797
1337.77142906, 83.67565918
1337.81309571, 83.69532776
1338.12559561, 83.69606018
1337.60476244, 83.64201355
1337.58392912, 83.67529297
1337.83392904, 85.43371582
1337.64642910, 83.64909363
1337.75059573, 83.66558838
1338.43809551, 83.70511627
1338.22976225, 83.65737152
1338.02142898, 83.68264008
1337.95892900, 83.63761139
1337.93809567, 83.69468689
1337.54226246, 83.63078308
1337.91726234, 83.66252899
1338.50059549, 83.70236969
1337.85476236, 83.66027069
1338.08392896, 83.68970490
1337.72976240, 83.59437561
1338.29226223, 83.72923279
1338.27142890, 83.71227264
1337.56309579, 83.64616394
1338.04226230, 83.67816162
1337.68809575, 83.61639404
1338.16726226, 83.71455383
1338.14642894, 83.71118927
1338.45892884, 83.69183350
1338.25059557, 83.73818970
1338.47976217, 83.71958160
1338.18809559, 83.74164581
1338.35476221, 83.73677826
1338.00059565, 83.66737366
1338.39642886, 83.72927856
1337.89642902, 83.67683411
1337.79226238, 83.69801331
1338.20892892, 83.71575165
1337.87559569, 83.66850281
1337.70892908, 83.60961151
1338.33392888, 83.76403809
1337.62559577, 83.67287445
1338.37559553, 83.73761749
1337.66726242, 83.65007019
1338.41726219, 83.72063446
1338.31309555, 83.72260284
1337.97976232, 83.63938904
1349.08392458, 100.98184204
1348.66725807, 103.63349915
1348.83392468, 103.87950897
1349.43809110, 96.41585541
1349.04225793, 101.52479553
1349.18809120, 100.34107208
1349.35475780, 97.31551361
1349.10475790, 100.83889771
1348.70892473, 103.50581360
1349.27142450, 99.37779236
1349.47975776, 96.49034119
1349.12559123, 100.72299957
1348.97975795, 102.59659576
1348.75059138, 103.49162292
1348.93809130, 103.16428375
1348.79225803, 103.68769073
1348.85475800, 103.92720032
1349.02142460, 101.86399841
1349.06309125, 101.28952026
1349.50059108, 96.53721619
1349.16725788, 100.98335266
1348.95892463, 102.82646179
1348.54225812, 101.78134155
1348.89642465, 103.71075439
1349.14642455, 100.75473785
1349.39642445, 96.70774841
1349.00059128, 102.19680786
1348.62559142, 103.37511444
1348.81309135, 103.76132202
1349.41725778, 96.49958801
1349.45892443, 96.43908691
1349.22975785, 99.87312317
1348.56309145, 102.21842957
1349.33392448, 97.75970459
1348.72975805, 103.36798096
1348.68809140, 103.59327698
1348.52142480, 101.38442230
1349.25059118, 99.88220215
1349.31309115, 98.23884583
1348.77142470, 103.83657074
1348.64642475, 103.51544952
1348.60475810, 103.11087036
1348.87559133, 103.92337036
1349.20892453, 100.11662292
1349.37559113, 96.96747589
1348.58392477, 102.74366760
1348.91725798, 103.44026184
1349.29225783, 98.72329712
1332.27143746, 113.59570312
1332.31310418, 111.99377441
1332.47977107, 108.14549255
1331.87560360, 118.60911560
1332.00060376, 115.70462036
1332.16727065, 115.02354431
1331.58393654, 119.28662109
1331.75060343, 120.03661346
1332.20893737, 114.87271118
1331.60476990, 119.91956329
1331.81310351, 119.49300385
1332.29227082, 112.82157135
1331.68810335, 120.77650452
1331.93810368, 117.19657135
1332.39643763, 108.83962250
1331.66726999, 120.88470459
1332.50060443, 108.53073120
1331.62560326, 120.38309479
1331.54226982, 117.82701111
1331.72977007, 120.26788330
1332.43810435, 107.98678589
1331.89643696, 118.18586731
1332.12560393, 114.94697571
1331.97977040, 116.13948059
1331.79227015, 119.67162323
1332.25060410, 114.10514069
1332.02143712, 115.37124634
1331.70893671, 120.54527283
1332.35477090, 110.27546692
1332.06310385, 114.92304993
1332.04227049, 115.13554382
1331.91727032, 117.71238708
1332.41727099, 108.31614685
1332.08393721, 114.83573151
1331.95893704, 116.64878845
1331.64643662, 120.73651123
1331.83393687, 119.26073456
1332.14643729, 115.00739288
1332.37560426, 109.48365021
1331.85477024, 118.96650696
1332.33393754, 111.07473755
1331.77143679, 119.80818939
1332.22977074, 114.54553223
1332.45893771, 107.94358063
1331.52143646, 117.16271973
1331.56310318, 118.59606934
1332.18810401, 114.96403503
1332.10477057, 114.86831665
1334.00060318, 101.53815460
1334.25060245, 101.76820374
1334.41726863, 98.65149689
1334.22976918, 101.97483063
1333.52143791, 102.58888245
1334.16726936, 101.85368347
1334.43810190, 98.45722961
1334.12560282, 101.57199097
1334.47976845, 98.25167847
1333.56310446, 103.61993408
1333.91727009, 102.49353027
1333.62560428, 104.60171509
1333.58393773, 104.02450562
1334.02143645, 101.39164734
1333.83393700, 103.39254761
1334.06310300, 101.27754211
1333.72977064, 104.41670990
1333.89643682, 102.74732971
1334.04226973, 101.30483246
1333.95893664, 101.94512177
1334.45893517, 98.28570557
1334.10476954, 101.48774719
1334.29226899, 101.17202759
1334.33393554, 100.26200867
1334.31310227, 100.75977325
1334.08393627, 101.37100220
1333.66727082, 104.81285095
1333.87560355, 102.93180847
1334.20893591, 102.03064728
1333.54227119, 103.07901764
1333.70893737, 104.61309052
1333.97976991, 101.75440979
1333.68810409, 104.72654724
1333.64643755, 104.79220581
1334.39643536, 99.00717163
1334.35476881, 99.78307343
1334.18810263, 101.98314667
1333.75060391, 104.18202209
1333.85477027, 103.11090851
1333.79227046, 103.78147888
1333.81310373, 103.56270599
1334.27143572, 101.48891449
1333.93810336, 102.26237488
1334.50060172, 98.29182434
1333.77143718, 104.01716614
1334.37560208, 99.33935547
1333.60477100, 104.34017944
1334.14643609, 101.71155548
1347.89642504, 106.86449432
1348.02142500, 105.20608521
1348.14642495, 104.66200256
1347.72975844, 106.03392029
1348.47975815, 100.42652130
1347.93809169, 106.34376526
1347.62559182, 106.57327271
1347.64642514, 106.58341980
1348.39642485, 100.04522705
1347.95892502, 106.00819397
1348.16725827, 104.70602417
1347.79225842, 106.17163086
1348.37559152, 100.29009247
1347.85475839, 106.81752777
1348.04225832, 105.11085510
1347.68809179, 106.25205994
1347.83392507, 106.64315796
1348.27142490, 103.31063843
1347.56309184, 105.52777100
1347.58392517, 106.11965942
1348.22975825, 104.23826599
1347.81309174, 106.41619110
1348.41725817, 99.90822601
1348.12559162, 104.65685272
1348.35475820, 100.70973206
1348.33392487, 101.20274353
1347.70892512, 106.00241852
1348.29225822, 102.75924683
1348.08392497, 104.71143341
1347.91725837, 106.64433289
1348.45892482, 100.36582184
1347.75059177, 105.90265656
1347.52142519, 104.28858185
1347.54225852, 104.91894531
1347.60475849, 106.39978027
1347.97975835, 105.60569000
1348.25059157, 103.73922729
1347.66725847, 106.45449829
1348.20892492, 104.56417084
1348.06309165, 104.85885620
1348.43809150, 100.26559448
1347.77142509, 105.95081329
1347.87559172, 106.89558411
1348.18809160, 104.73123932
1348.00059167, 105.52928162
1348.10475830, 104.60012817
1348.50059147, 100.85426331
1348.31309155, 101.83834839
1346.37559228, 108.57579803
1346.50059224, 110.18123627
1345.64642589, 118.97065735
1346.43809226, 108.78553772
1346.35475896, 108.95576477
1345.66725921, 118.61938477
1345.79225917, 117.54550171
1346.00059242, 113.69559479
1345.56309258, 117.85144043
1345.91725912, 115.74337769
1346.25059233, 113.23791504
1345.72975919, 117.46173096
1346.31309231, 110.32830048
1346.29225898, 111.19560242
1345.54225926, 116.91986084
1346.18809235, 115.23481750
1346.41725894, 108.50114441
1345.83392582, 117.55398560
1346.45892559, 109.12658691
1346.20892568, 114.83276367
1345.93809245, 115.04508972
1346.08392573, 114.02053833
1346.16725903, 115.35758209
1345.70892586, 117.70468140
1345.95892577, 114.42280579
1346.06309240, 113.60929871
1346.33392563, 109.53528595
1345.87559247, 116.91541290
1346.14642570, 115.17093658
1346.39642561, 108.38949585
1345.85475914, 117.36569214
1345.68809254, 118.12224579
1345.89642579, 116.35733032
1345.77142584, 117.40710449
1346.10475905, 114.39529419
1346.12559238, 114.85197449
1346.02142575, 113.46109009
1345.52142593, 115.92518616
1345.97975910, 113.94047546
1346.47975891, 109.59657288
1345.58392591, 118.65585327
1345.62559256, 119.10581207
1345.60475924, 119.10314941
1346.04225907, 113.36931610
1345.81309249, 117.58403015
1345.75059251, 117.34528351
1346.27142566, 112.23608398
1346.22975901, 114.10052490
1352.58392306, 94.10139465
1353.02142286, 101.27951050
1352.66725636, 95.23723602
1352.68808968, 95.53460693
1353.00058954, 100.87754822
1352.56308974, 93.84993744
1352.77142298, 96.84078217
1352.72975633, 96.14986420
1352.97975621, 100.47780609
1352.64642303, 94.95948029
1352.81308962, 97.52539825
1352.70892300, 95.85301208
1352.60475638, 94.38528442
1353.10475616, 102.86721039
1353.04225618, 101.69113922
1352.89642292, 98.95677185
1352.79225630, 97.22924805
1353.14642280, 103.59171295
1352.83392295, 97.86953735
1352.85475627, 98.25923157
1352.87558959, 98.57690430
1353.08392283, 102.45761108
1352.95892289, 100.06739807
1352.52142309, 93.40052032
1353.12558948, 103.19631958
1352.75058965, 96.50190735
1352.62558971, 94.68235779
1352.54225641, 93.60342407
1352.93808957, 99.67161560
1353.06308951, 102.08996582
1352.91725624, 99.33242798
1343.66725997, 125.72980499
1343.89642655, 124.47749329
1343.64642664, 125.85618591
1343.97975985, 120.25209808
1344.18809310, 120.59569550
1343.95892652, 121.37824249
1344.02142650, 118.85224152
1343.68809329, 125.49557495
1344.25059308, 118.12586975
1343.81309324, 124.63656616
1344.12559313, 120.29855347
1343.70892662, 125.13382721
1343.87559322, 124.91983032
1344.35475970, 113.76734924
1344.31309305, 114.92555237
1344.33392638, 114.05499268
1343.62559332, 125.75503540
1343.93809320, 122.54165649
1343.60475999, 125.41902161
1343.79225992, 124.51139832
1344.14642645, 120.73054504
1344.50059298, 118.77690125
1343.77142659, 124.49423218
1343.56309334, 123.97624207
1344.04225982, 118.70640564
1344.27142640, 116.75955200
1344.08392647, 119.16868591
1344.47975966, 117.69021606
1344.41725968, 115.02085876
1343.91725987, 123.65535736
1344.43809301, 115.73658752
1343.58392667, 124.82232666
1344.45892633, 116.64991760
1343.72975994, 124.86480713
1344.06309315, 118.85845947
1344.37559303, 113.92121887
1343.54226001, 122.93351746
1344.16725978, 120.75721741
1343.52142669, 121.83049011
1344.22975975, 119.18939209
1344.20892643, 120.05664062
1344.00059317, 119.40668488
1344.39642636, 114.34491730
1343.85475990, 124.93986511
1344.10475980, 119.74913788
1344.29225973, 115.66982269
1343.83392657, 124.87416077
1343.75059327, 124.60095978
1329.64643395, 140.16989136
1330.10476790, 131.17718506
1329.58393387, 139.38754272
1330.14643462, 131.72222900
1330.31310151, 127.51320648
1330.37560159, 125.42820740
1330.20893471, 131.95343018
1329.66726732, 140.03242493
1329.89643429, 136.03680420
1330.06310118, 130.85134888
1329.81310084, 139.10432434
1330.18810134, 132.02885437
1329.93810101, 133.81439209
1330.25060143, 130.61236572
1329.77143412, 139.45907593
1329.60476723, 140.02160645
1329.54226715, 137.40110779
1330.45893504, 124.94999695
1329.95893437, 132.69897461
1329.79226748, 139.40386963
1330.16726798, 131.89938354
1330.50060176, 125.86482239
1329.85476757, 137.94482422
1330.00060109, 131.16638184
1330.35476823, 126.00577545
1330.41726832, 124.92738342
1330.43810168, 124.92895508
1329.56310051, 138.45359802
1329.72976740, 139.61944580
1330.29226815, 128.54412842
1329.97976773, 131.77677917
1329.83393421, 138.65840149
1330.22976807, 131.43978882
1329.75060076, 139.55581665
1330.27143479, 129.63638306
1329.91726765, 134.96705627
1330.47976840, 125.27133942
1330.02143446, 130.95588684
1329.70893404, 139.76550293
1329.52143379, 136.21823120
1329.87560093, 137.03189087
1330.04226782, 130.82168579
1330.33393487, 128.35188293
1330.12560126, 131.44450378
1329.68810068, 139.88995361
1329.62560059, 140.22285461
1330.08393454, 130.97431946
1330.39643496, 125.08306885
1336.39642951, 83.65249634
1335.85476443, 85.69924164
1336.14643024, 83.68136597
1335.56309861, 91.42947388
1335.66726498, 88.95967102
1335.75059807, 87.09928894
1336.47976280, 83.66389465
1335.91726425, 85.05606842
1335.72976479, 87.48779297
1335.62559843, 89.72946930
1335.64643170, 89.37950134
1336.04226388, 84.20814514
1336.02143061, 84.34896851
1335.54226534, 90.61743164
1336.00059734, 84.50679016
1336.18809679, 83.64336395
1336.27142988, 83.65973663
1335.87559770, 85.43438721
1335.95893079, 84.76467133
1336.43809614, 83.62310791
1336.33392969, 83.61781311
1335.60476516, 90.03836823
1336.10476370, 83.88098907
1335.68809825, 88.46555328
1335.52143207, 90.79406738
1336.45892947, 83.64081573
1335.89643097, 85.23912811
1336.20893006, 83.63554382
1336.12559697, 83.81619263
1336.41726282, 83.66155243
1335.81309788, 86.13474274
1336.31309642, 83.65213776
1335.79226461, 86.44088745
1336.16726352, 83.67636108
1335.77143134, 86.73361206
1336.22976333, 83.63258362
1335.93809752, 84.88471222
1336.50059612, 83.62965393
1335.70893152, 87.97972107
1336.08393043, 83.97119141
1335.97976406, 84.63214111
1336.06309715, 84.07251740
1336.37559624, 83.63387299
1335.58393189, 92.69146729
1336.29226315, 83.61355591
1335.83393116, 85.90310669
1336.35476297, 83.66886902
1336.25059660, 83.65681458
1325.35476726, 94.94924927
1325.47976721, 103.83683777
1325.31310060, 91.14888000
1325.45893388, 102.84550476
1325.39643391, 99.14360809
1325.43810056, 101.91477966
1325.50060054, 104.78153992
1325.33393393, 92.84368896
1325.41726723, 100.68928528
1325.37560058, 97.13011169
1335.33393262, 94.43097687
1334.66726790, 99.11849213
1334.97976699, 96.14799500
1334.72976772, 98.54030609
1335.31309934, 93.75794220
1334.60476808, 99.05735779
1334.87560062, 96.95079041
1335.18809971, 95.47425079
1334.54226826, 98.60509491
1335.25059953, 94.84938049
1335.20893298, 95.31961060
1335.37559916, 92.46678925
1335.47976552, 91.09468079
1334.68810117, 98.96385193
1335.22976626, 95.10273743
1334.91726717, 96.57609558
1335.04226680, 95.66284943
1335.14643317, 95.62693024
1335.00060026, 95.92361450
1334.58393481, 98.97156525
1335.29226607, 94.12647247
1334.83393408, 97.37336731
1335.08393335, 95.60964203
1334.77143426, 98.05268860
1335.45893225, 91.27069092
1334.79226753, 97.88799286
1335.06310008, 95.59642792
1334.93810044, 96.41210938
1335.27143280, 94.52600098
1335.50059880, 90.96350098
1334.56310154, 98.75643158
1335.41726571, 91.74932861
1334.52143499, 98.42068481
1335.35476589, 92.88786316
1335.43809898, 91.51258850
1334.95893371, 96.17682648
1334.85476735, 97.14247131
1334.70893444, 98.78462219
1334.81310081, 97.64574432
1334.62560135, 99.12572479
1335.10476662, 95.55100250
1334.75060099, 98.33171082
1335.12559989, 95.63180542
1334.64643463, 99.17501068
1335.16726644, 95.51862335
1334.89643390, 96.76104736
1335.02143353, 95.77501678
1335.39643243, 92.06993103
1342.89642693, 123.85574341
1342.52142708, 123.45486450
1342.91726025, 122.70383453
1343.25059346, 119.92012024
1343.00059355, 118.19636536
1342.64642702, 126.49894714
1343.45892671, 118.87119293
1342.85476028, 124.96444702
1342.79226030, 125.13142395
1342.75059365, 125.11970520
1342.97976023, 118.84006500
1343.02142688, 118.02130890
1343.08392686, 119.34504700
1343.04226021, 118.34019470
1343.47976004, 119.62948608
1343.14642683, 121.34402466
1343.06309353, 118.77945709
1342.54226041, 124.52832031
1343.33392676, 116.94682312
1342.66726035, 126.24284363
1343.16726016, 121.62970734
1342.77142698, 125.05852509
1342.83392695, 125.12760162
1342.60476038, 126.48060608
1342.70892700, 125.53118896
1343.41726006, 117.64951324
1343.10476018, 119.94864655
1342.95892690, 119.97518921
1343.20892681, 121.34213257
1343.39642674, 117.21665955
1342.56309373, 125.50218201
1343.18809348, 121.64224243
1343.35476009, 116.73574829
1342.87559360, 124.60018158
1342.62559370, 126.57891846
1343.12559351, 120.70672607
1343.50059336, 120.69636536
1343.31309344, 117.38511658
1342.93809358, 121.31199646
1343.27142678, 119.09611511
1342.81309363, 125.19593811
1342.58392705, 126.12529755
1342.68809367, 125.88488007
1343.22976013, 120.78123474
1342.72976032, 125.25768280
1343.43809339, 118.20433044
1343.37559341, 116.87442017
1343.29226011, 118.23608398
1341.72976079, 121.44578552
1342.37559382, 117.01239777
1341.75059412, 121.51540375
1342.04226064, 117.69753265
1342.25059388, 118.85261536
1341.60476085, 123.77895355
1342.47976044, 121.19376373
1342.06309397, 118.51828003
1341.64642750, 122.94219971
1342.18809391, 120.35548401
1342.16726058, 122.81991577
1341.83392741, 122.92568970
1342.22976056, 119.60115051
1342.14642726, 120.53955078
1342.50059376, 122.28135681
1342.31309385, 117.11720276
1341.87559406, 121.27653503
1341.85476073, 122.35517883
1341.52142756, 121.88180542
1342.43809379, 119.33772278
1342.39642714, 117.63060760
1341.77142744, 121.84661865
1342.12559394, 120.52870941
1341.68809415, 121.87565613
1341.66726082, 122.29666901
1341.56309421, 123.50477600
1342.45892711, 120.20479584
1342.33392717, 116.67153931
1342.29226053, 117.66558838
1341.91726070, 119.72749329
1342.02142732, 116.90903473
1341.97976067, 116.76921082
1341.54226088, 122.88368225
1341.81309409, 122.78701782
1342.20892723, 120.02615356
1342.00059400, 116.54949951
1342.35476050, 116.61936188
1342.27142720, 118.21911621
1341.95892735, 117.55746460
1342.41726047, 118.40292358
1342.10476061, 120.12248230
1341.58392753, 123.79064941
1341.79226076, 122.38265991
1342.08392729, 119.39369202
1341.70892747, 121.56661987
1341.89642738, 120.47483826
1341.62559418, 123.50012207
1341.93809403, 118.70138550
1326.16726696, 126.60090637
1325.66726714, 109.36573029
1326.31310024, 128.49926758
1325.60476717, 108.63275146
1326.22976694, 127.24105835
1325.58393384, 108.20222473
1326.37560022, 131.06954956
1325.81310042, 118.90953064
1326.25060026, 127.51131439
1325.79226710, 117.62693787
1325.83393375, 119.88522339
1325.77143377, 116.01789856
1326.33393357, 129.29354858
1325.97976703, 120.66600800
1326.06310033, 124.49842834
1325.64643382, 108.98316956
1325.87560040, 119.65101624
1325.62560049, 108.80011749
1326.04226701, 123.73533630
1325.70893379, 111.23170471
1326.14643364, 126.38595581
1326.27143359, 127.65313721
1325.72976712, 112.62275696
1326.29226692, 127.95962524
1325.75060045, 114.22544861
1325.54226719, 106.68829346
1326.39643355, 131.96716309
1326.20893361, 127.03779602
1326.12560031, 126.03186798
1325.85476707, 120.08893585
1325.93810038, 119.59300232
1326.35476689, 130.19435120
1325.89643373, 119.43490601
1325.52143386, 105.77108002
1325.91726705, 119.42549896
1326.00060036, 121.90751648
1326.10476698, 125.61837006
1326.50060017, 136.67401123
1326.08393366, 125.10391235
1326.43810020, 133.81988525
1325.56310051, 107.53025055
1326.47976685, 135.61439514
1326.18810029, 126.78896332
1325.68810047, 110.11754608
1325.95893370, 120.00102234
1326.41726687, 132.90884399
1326.45893352, 134.66235352
1326.02143368, 123.29986572
1341.10476109, 115.50909424
1340.52142803, 108.76507568
1340.93809450, 112.81109619
1341.22976103, 114.67535400
1340.97976115, 112.44182587
1340.75059459, 111.26115417
1341.08392777, 115.28875732
1340.58392800, 109.94284058
1340.68809462, 109.95333862
1341.27142768, 114.56890106
1340.95892783, 112.51771545
1341.25059435, 114.69651794
1341.41726094, 117.15823364
1340.77142791, 112.06645966
1341.33392765, 114.42363739
1341.35476097, 114.83650970
1340.60476133, 109.96437073
1340.83392789, 113.67222595
1341.39642762, 116.44852448
1341.47976091, 119.66699219
1340.70892794, 110.19415283
1340.91726118, 113.02166748
1341.16726106, 114.85256195
1340.54226136, 109.36343384
1341.20892771, 114.74620819
1341.06309444, 114.76599121
1341.04226112, 114.03533936
1341.14642774, 115.15445709
1340.87559453, 113.44087982
1341.02142780, 113.40349579
1341.31309432, 114.23657990
1340.56309468, 109.77007294
1341.18809438, 114.83679962
1340.62559465, 110.01671600
1340.81309456, 113.50772095
1340.64642797, 109.90110779
1341.37559429, 115.46440125
1341.45892759, 118.82065582
1341.50059424, 120.70851135
1340.89642786, 113.20082092
1341.12559441, 115.46791077
1340.66726130, 109.87170410
1340.72976127, 110.59802246
1340.85476121, 113.55496216
1341.00059447, 112.75274658
1341.29226100, 114.37153625
1340.79226124, 112.88392639
1341.43809426, 117.97215271
1331.00060243, 123.37403107
1331.37560293, 117.20115662
1331.41726965, 116.23712158
1331.12560260, 123.31274414
1330.66726865, 130.79995728
1331.45893637, 116.03022766
1331.39643629, 116.64221191
1331.33393621, 118.77261353
1330.87560226, 127.47293091
1330.79226882, 129.08088684
1331.10476923, 123.09495544
1331.06310251, 122.92297363
1331.08393587, 122.96408081
1330.60476857, 130.20445251
1330.62560193, 130.66064453
1330.54226848, 127.60292816
1331.27143612, 121.48509216
1330.68810201, 130.51858521
1330.81310218, 128.88278198
1330.95893571, 124.34223175
1331.25060276, 122.28571320
1331.47976973, 116.24345398
1330.97976907, 123.76723480
1330.64643529, 130.83801270
1330.72976873, 129.84722900
1331.16726932, 123.65327454
1331.22976940, 122.89299011
1330.93810235, 125.07846069
1330.83393554, 128.56428528
1331.43810301, 116.02610779
1331.14643596, 123.53738403
1330.58393521, 129.46469116
1330.91726898, 125.87385559
1331.35476957, 117.96266937
1330.52143512, 126.66784668
1331.04226915, 122.99176025
1331.02143579, 123.11702728
1331.31310285, 119.69725037
1331.18810268, 123.63401794
1330.70893537, 130.20147705
1330.85476890, 128.10009766
1330.89643562, 126.65579987
1330.75060210, 129.57496643
1331.50060310, 116.53273010
1330.56310184, 128.58406067
1331.20893604, 123.39732361
1330.77143546, 129.33239746
1331.29226948, 120.62489319
